name,paper_num
Mengjie Zhang,10
Xue Bing,10
Quoc Le,10
Sun Yanan,9
Jiang Weiwen,8
Shi Yiyu,8
Wei Zhang,8
Xu Hang,8
Zhenguo Li,8
Hutter Frank,7
Wang Yunhe,7
Xiaodan Liang,7
Chu Xiangxiang,6
Jingtong Hu,6
Song Han,6
Tianming Liu,6
Wang Bin,6
Xu Chang,6
Zhang Bo,6
David Doermann,5
Dong Xuanyi,5
Han Cai,5
Hanxiao Liu,5
Tomoharu Nagao,5
Yu Zheng,5
Zhang Baochang,5
AJ Piergiovanni,4
Angelova Anelia,4
Barret Zoph,4
Chunhua Shen,4
Gabriel Bender,4
Hao Chen,4
Ji Rongrong,4
Mingxing Tan,4
Qing Li,4
Savani Yash,4
Shirakawa Shinichi,4
Tianbao Zhou,4
Tong Zhang,4
Wei Hua,4
White Colin,4
Xu Chunjing,4
Yang Lei,4
Yang Yi,4
Yuille Alan,4
Zhichao Lu,4
Łukasz Dudziak,4
Abdelfattah Mohamed S.,3
Banzhaf Wolfgang,3
Chen Hanlin,3
Elsken Thomas,3
Fangfei Ge,3
George Kyriakides,3
Gesmundo Andrea,3
Gong Xuan,3
Goodman Erik,3
Han Kai,3
Huazhong Yang,3
Huiqi Li,3
Hyeji Kim,3
Irwin King,3
Ji Lin,3
Jian Sun,3
Jixiang Li,3
Kalyanmoy Deb,3
Konstantinos Margaritis,3
Kuan Wang,3
Lane Nicholas D.,3
Lin Yujun,3
Liu Tie-Yan,3
Masayuki Kobayashi,3
Maxim Neumann,3
Meng Gaofeng,3
Mi Zhang,3
Miao Zhang,3
Pieter-Jan Kindermans,3
Qian Chen,3
Qinglin Dong,3
Ran He,3
Royson Lee,3
Shirui Pan,3
Suganuma Masanori,3
Tao Qin,3
Tian Qi,3
Tian Yuandong,3
Wang Fei,3
Wang Jun,3
Willie Neiswanger,3
Xiangyu Zhang,3
Xiao Zeng,3
Xiaojun Chang,3
Xuefei Ning,3
Yan Shen,3
Yao Quanming,3
Yen Gary G.,3
You Shan,3
Yu Wang,3
Zhaohui Yang,3
Zhijian Liu,3
Zongyuan Ge,3
Aaron Klein,2
An-Chieh Cheng,2
Baker Bowen,2
Bao Ge,2
Bo Lyu,2
Chau Thomas,2
Chen Bo,2
Chen Enhong,2
Chen Xinghao,2
Chen Yukang,2
Cheng He,2
Cheng Ran,2
Chu Xiaowen,2
Chuan Zhou,2
Chuxi Li,2
Da-Cheng Juan,2
Danghui Wang,2
Dasgupta Sakyasingha,2
Debadeepta Dey,2
Dollár Piotr,2
Dong Ni,2
Eric Horvitz,2
Faisal Waris,2
Fei Tian,2
Fei-Fei Li,2
Gang Zhang,2
Gary G. Yen,2
Guo Sheng,2
Guoqiang Zhou,2
Gupta Otkrist,2
Hanrui Wang,2
Hanzhang Hu,2
Haoli Bai,2
He Chaoyang,2
He Xin,2
Huang Tao,2
Huang Weilin,2
Ian Reid,2
Jeff Hajewski,2
Jian Cheng,2
Jianzong Wang,2
Jiaxiang Wu,2
Jiaxing Wang,2
Jing Xiao,2
Jost Tobias Springenberg,2
Jun Shen,2
Jun Wan,2
Jun Zhu,2
Junbo Zhang,2
Junguo Zhang,2
Kai Hu,2
Kainan Bao,2
Kitani Kris M.,2
Langford John,2
Lee Yeha,2
Lei Chen,2
Lei Wang,2
Li Hai,2
Li Luo,2
Liang Jia,2
Licheng Jiao,2
Lin Liang,2
Liu Chenxi,2
Liu Hong,2
Longfei Lu,2
Lu Qing,2
Luo Renqian,2
Marcelo Gennari do Nascimento,2
Meng Zhang,2
Michael S. Ryoo,2
Min Sun,2
Mrazek Vojtech,2
Naik Nikhil,2
Najmeh Fayyazifar,2
Ning Qiang,2
Nolen Sam,2
Pang Ruoming,2
Peng Wang,2
Peter Hellinckx,2
Petra Vidnerová,2
Pham Hieu,2
Qu Xiaoyang,2
Radosavovic Ilija,2
Raskar Ramesh,2
Real Esteban,2
Rich Caruana,2
Robert Reynolds,2
Roman Neruda,2
Rui Li,2
Ryoo Michael S.,2
Scott Matthew R.,2
Shafique Muhammad,2
Shi Boxin,2
Shuo Tian,2
Siegfried Mercelis,2
Simon Vanneste,2
Simonyan Karen,2
Steven Su,2
Stig Bosmans,2
Suely Oliveira,2
Susana K. Lai-Yuen,2
Teng Xi,2
Theo W. Costain,2
Thomas Cassimon,2
Tianzhe Wang,2
Ting Li,2
Vasudevan Vijay,2
Victor Adrian Prisacariu,2
Vishnu Naresh Boddeti,2
Vladimir Nekrasov,2
Wang Rui,2
Wang Xiaofang,2
Wang Xinggang,2
Wang Zhangyang,2
Wanli Ouyang,2
Wayne Luk,2
Wei Ao,2
Weipeng Jing,2
Wenzhao Feng,2
Wu Wei,2
Xia Wu,2
Xiang Shiming,2
Xiaoxing Wang,2
Xin Li,2
Xu Chao,2
Xu Ruijun,2
Xu Xiaowei,2
Xue Song,2
Xuehan Xiong,2
Yan Junchi,2
Yan Junjie,2
Yang Gao,2
Yang Minghao,2
Yang Xin,2
Yangyang Li,2
Yanning Zhang,2
Yanxi Li,2
Yaoman Li,2
Yexin Li,2
Yi Fan,2
Yifeng Lu,2
Yiran Chen,2
Yu Hongyuan,2
Yu Weng,2
Yu Yong,2
Yuxuan Liang,2
Zela Arber,2
Zhang Changshui,2
Zhang Gengwei,2
Zhang Qian,2
Zhang Weinan,2
Zhang Xinyi,2
Zhao Yang,2
Zhihang Li,2
Zhong Yujie,2
Zhong Zhao,2
Zhuge Qingfeng,2
Abbas Khosravi,1
Abdulrahman Nahhas,1
Adam Hartwig,1
Adam Kraft,1
Adams Ryan P.,1
Adrian Bublea,1
Ahmed I. Sharaf,1
Ailong Ma,1
Akimoto Youhei,1
Akin Berkin,1
Alastair K Denniston,1
Aleks Kracun,1
Alessandro Micarelli,1
Alexander Mendiburu,1
Ali Farhadi,1
Ali Jannesari,1
Ali Zoljodi,1
Alves Jeovane Honorio,1
Ambrish Rawat,1
Amir Nakib,1
Amr AbdelFatah Ahmed,1
An Keyu,1
An Zhulin,1
Ana-Cosmina Popescu,1
Andreas Dengel,1
Andreas Klos,1
Andrew Maiorana,1
Anish Prabhu,1
Anja Hauth,1
Antonio Agudo,1
Antonio Candelieri,1
Aomar Osmani,1
Apoorva Verma,1
Arash Rad,1
Arcadi Llanza,1
Arjun Ghosh,1
Arkadiusz Kwasigroch,1
Arushi Chauhan,1
Ashok Anubhav,1
Awad Noor,1
Bae Woong,1
Baek Woonhyuk,1
Bai Haoping,1
Bai Xiang,1
Balaprakash Prasanna,1
Baotong Li,1
Beainy Fares,1
Behjat Amir,1
Benjia Zhou,1
Bernardete Ribeiro,1
Bian Song,1
Bin Duan,1
Bin Liu,1
Bin Ren,1
Bin Xiao,1
Bin Xue,1
Bo Liu,1
Boddeti Vishnu Naresh,1
Bogdan Cramariuc,1
Boyu Hou,1
Boyun Li,1
Brettin Tom,1
Brian B. Moser,1
Brock Andrew,1
Brox Thomas,1
Bruggemann David,1
Bulat Adrian,1
Bussolino Beatrice,1
Cai Xinyue,1
Caiming Xiong,1
Calisto Maria G. Baldeon,1
Carlucci Fabio,1
Carlucci Fabio M.,1
Catherine Wong,1
Chandra Vikas,1
Chang Shiyu,1
Changcheng Tang,1
Chao Wang,1
Chao Xue,1
Charles Packer,1
Chen Chaoyu,1
Chen Hanting,1
Chen Liang,1
Chen Liang-Chieh,1
Chen Tianjian,1
Chen Tianyao,1
Chen Wuyang,1
Chen Xin,1
Chen Yun-Chun,1
Chen Zewei,1
Chen Zihao,1
Chen-Ching Lin,1
Chen-Yi Lee,1
Cheng Dehua,1
Cheng Guangliang,1
Cheng Peng,1
Cheng Xuelian,1
Cheng Zhang,1
Chenglin Li,1
Chengyuan Li,1
Chenhan Jiang,1
Chi Hu,1
Chidambaran Sharat,1
Chieh Hubert Lin,1
Chien-Ming Chen,1
Cho Hyungjoo,1
Choi Jonghyun,1
Chowdhury Souma,1
Christoph Kern,1
Chung Minki,1
Chunhong Pan,1
Chunliang Zhang,1
Conor Daly,1
Cordy Maxime,1
Cătălin Daniel Căleanu,1
Daguang Xu,1
Dai Dengxin,1
Dai Xiaoliang,1
Dai Yuchao,1
Daiyi Peng,1
Damien O'Neill,1
Danilo Pau,1
Danilo Vasconcellos Vargas,1
David Laredo,1
David Moloney,1
David P. Schmidt,1
David Suter,1
Dawn Sim,1
Dawn Song,1
Dean Jeff,1
Delgadillo Itzel C.,1
Deng Zelu,1
Denis Repin,1
Dexuan Tang,1
Diange Yang,1
Diarmuid Grimes,1
Diego A. Donzis,1
Ding Guiguang,1
Dinggang Shen,1
Do-Young Kang,1
Dong Ding,1
Dong Li,1
Dong Xu,1
Dong Yang,1
DongHyun Kim,1
Dongbin Zhao,1
Dongdong Chen,1
Dongil Han,1
Dou Haoran,1
Driss Hafdi,1
Drummond Tom,1
Du Hao,1
Duan Yawen,1
Dun Jack Fu,1
Dustin K. Barnes,1
Duzheng Qing,1
Edward Johns,1
Edward Korot,1
Efi Kokiopoulou,1
Egele Romain,1
El-Sayed F. Radwan,1
El-Yaniv Ran,1
Emily M. Hand,1
Eric Ke Wang,1
Eric Xing,1
Erik Meijering,1
Esperanca Pedro,1
Esperança Pedro M.,1
Eugene Lee,1
Fa-ming Shao,1
Fan Bin,1
Fang Biyi,1
Fang Jiemin,1
Farhan Khawar,1
Farzaneh S. Fard,1
Fausto Milletari,1
Federico Perazzi,1
Federico Raue,1
Fedorov Igor,1
Fei Gao,1
Feifan Liao,1
Felix Wolf,1
Feng Shi,1
Feng Yan,1
Fengwei Yu,1
Fernando Chrisantha,1
Ferreira Daniel,1
Filipe Assunção,1
Fink Olga,1
Fonseca Rodrigo,1
Francesc Moreno-Noguer,1
Francesco Archetti,1
Francisco Erivaldo Fernandes Junior,1
Frangi Alejandro,1
Friedman Itamar,1
Frédéric Jurie,1
Fu Jianlong,1
Fu Yonggan,1
Fuhao Shen,1
Fuhua Yan,1
Fusheng Zhao,1
Gabriella Moraes,1
Gao Chen,1
Gao Yuan,1
Ge Li,1
Geifman Yonatan,1
Gen Luo,1
Geng Yuan,1
Geoff Merrett,1
Georgiev Marin,1
Georgoulis Stamatios,1
Germain Forestier,1
Ghamizi Salah,1
Ghanem Bernard,1
Ghazaale Leylaz,1
Ghiasi Golnaz,1
Gianluigi Ciocca,1
Girish Dwivedi,1
Girshick Ross,1
Giuseppe Sansonetti,1
Gong Xinyu,1
Gordon Geoffrey,1
Gormley Matthew,1
Grace Chu,1
Gu Shouzhen,1
Guan Melody Y.,1
Guangjun Ge,1
Guangming Shi,1
Guangyuan Fu,1
Guilan Dai,1
Guillaume Rabusseau,1
Guo Jianyuan,1
Guo Minghao,1
Guoqiang Zhong,1
Guotai Wang,1
Gupta Suyog,1
Gábor Bartók,1
Gábor Kertész,1
Hae Beom Lee,1
Hager Gregory D.,1
Haining Fan,1
Haixia Wang,1
Haixing Dai,1
Haiyang Liu,1
Haiyin Xu,1
Han Huang,1
Han Qi,1
Han Shi,1
Handing Wang,1
Hang Yuan,1
Hanli Wang,1
Hanliang Jiang,1
Hanna Mazzawi,1
Hanzhang Wang,1
Hao LU,1
Hao Liu,1
Hao Tan,1
Hao Xie,1
Haokui Zhang,1
Haoyuan Mu,1
Harandi Mehrtash,1
Harris Teague,1
Hassan Ismail Fawaz,1
He Chen,1
He Kaiming,1
He Yuanqin,1
Hector Mendoza,1
Hiromichi Kobashi,1
Hiroya Inakoshi,1
Hitoshi Iba,1
Hojjat Rakhshani,1
Holger Roth,1
Hong Yang,1
Hongkai Jiang,1
Hongkai Wen,1
Hongkai Xiong,1
Hongtao Liang,1
Hongxiang Fan,1
Hongyang Gu,1
Houbing Song,1
Howard Andrew,1
Hsin-Pai Cheng,1
Hu HAN,1
Hu Huang,1
Hu Shengran,1
Hu Xia,1
Hu Yang,1
Hu-sheng Fang,1
Hua Yan,1
Huan Wang,1
Huang Chang,1
Huang Jia-Bin,1
Huang Jonathan,1
Huang Meiping,1
Huang Xiaoqiong,1
Huang Yuhao,1
Huang Zhiwu,1
Hui Xu Zugeng,1
Huihui Wang,1
Hundt Andrew,1
Hyeon Kang,1
Hyeonjoon Moon,1
Hyun Jin Park,1
Ian Whalen,1
Ignacio Lopez Moreno,1
Irina Mocanu,1
Izajasz Wrosz,1
Jaewoong Shin,1
Jain Varun,1
James T. Kwok,1
Jangsik Park,1
Javier García López,1
Jeff Clune,1
Jeongun Ryu,1
Jesse Berent,1
Ji-qing Luo,1
Jia Kui,1
Jia Yangqing,1
Jiaheng Liu,1
Jiakun Zhao,1
Jian Yang,1
Jian-Qiao Sun,1
Jian-Xun Mi,1
Jiancheng Lv,1
Jiang Yifan,1
Jiang Yong,1
Jiankang Deng,1
Jianlong Chang,1
Jianmin Li,1
Jianming Zhang,1
Jiaqi Wang,1
Jiaqi Zhao,1
Jiawei Huang,1
Jiaxuan You,1
Jie Feng,1
Jie Gao,1
Jie Zequn,1
Jihao Li,1
Jihwan Kim,1
Jin Qi,1
Jin Rong,1
Jin Xiaojie,1
Jin-Dong Dong,1
JinZhang Peng,1
Jincheng Yu,1
Jingbo Lin,1
Jingbo Zhu,1
Jinglei Lv,1
Jingtuo Liu,1
Jinnai Yuu,1
Jinsong Su,1
Jisung Wang,1
Jixin Zhang,1
Joel Lehman,1
Johann Schmidt,1
Johnson Justin,1
Jonathan Byrne,1
Jonathan Hare,1
Jonathan Weber,1
Joseph R Ledsam,1
Ju Jin,1
Ju Xu,1
Juan-Manuel Pérez-Rúa,1
Jui Shangling,1
Julien Lepagnot,1
Jun Hong,1
Jun Sun,1
Jun Zhou,1
Junbin Gao,1
Jung Kyu-Hwan,1
Jungang Xu,1
Jungong Han,1
Junjue Wang,1
Junni Zou,1
Junwei Dong,1
Junyan Wang,1
Junyeob Kim,1
Junzhou Huang,1
Jure Leskovec,1
Justin M. Wozniak,1
Jyostna Devi Bodapati,1
Jörn Hees,1
Kai Yang,1
Kaisheng Xu,1
Kaiyong Zhao,1
Kaiyuan Guo,1
Kaizhu Huang,1
Kanakis Menelaos,1
Karan Goyal,1
Karim Ahmed,1
Kavukcuoglu Koray,1
Ke Han,1
Keivan Alizadeh vahid,1
Ken Chen,1
Ken Kobayashi,1
Kenneth O. Stanley,1
Keutzer Kurt,1
Kewei Sun,1
Khorlin Andrey,1
Kim Chiheon,1
Kim Dahyun,1
Kim Ildoo,1
Kim Sungwoong,1
Kim Taesup,1
Kohei NAKAI,1
Kohei Nakai,1
Komal Kumari,1
Konstantinos Balaskas,1
Kosaraju Raj Prateek,1
Kou Xiaoyu,1
Kris M. Kitani,1
Krishna Tushar,1
Kun Fu,1
Kun Jing,1
Kuniaki UEHARA,1
Kuniaki Uehara,1
Kurakin Alex,1
Kurita Takio,1
Kwon Hyoukjun,1
Lai Liangzhen,1
Lai-Yuen Susana K.,1
Lanqing Zhang,1
Latkowski Tomasz,1
Le Nghia,1
Lee Seungho,1
Lei Gong,1
Lekang Zou,1
Lemeng Wu,1
Lewei Yao,1
Lhassane Idoumghar,1
Li Guohao,1
Li Haoran,1
Li Hongdong,1
Li Hongyang,1
Li Jianbo,1
Li Jinzhu,1
Li Li-Jia,1
Li Lyna Zhang,1
Li Meng,1
Li Mingtao,1
Li Qi,1
Li Qingyuan,1
Li Stan Z.,1
Li Sun,1
Li Wen,1
Li Xiaobai,1
Li Xudong,1
Li Yingwei,1
Li Yuan,1
Lian Xiaochen,1
Liang Chuming,1
Liang Feng,1
Liang Wang,1
Liang Xinle,1
Liangjie Zhang,1
Liangpei Zhang,1
Lianyi Zhang,1
Liao Jing,1
Lim Sungbin,1
Lim Theodore,1
Lin Chia-Hung,1
Lin Dahua,1
Lin Huang,1
Lin Tsung-Yi,1
Lin Yingyan,1
Lin Zhao,1
Lin Zhouchen,1
Linfewi Xiong,1
Ling Shao,1
Ling Zhang,1
Lingyu Duan,1
Linlin Yang,1
Liqiang Zhu,1
Liu Cheng-Lin,1
Liu Chunxiao,1
Liu Guanting,1
Liu Peidong,1
Liu Wei,1
Liu Wenyu,1
Liu Xin,1
Liu Yang,1
Liuan Wang,1
Livia Faes,1
Li’an Zhuo,1
Lo Wan-Yen,1
Loong-Fah Cheong,1
Lorenzo Torresani,1
Lorenzo Vaccaro,1
Loy Chen Change,1
Loïc Pauletto,1
Lu Shun,1
Lu Tian,1
Lu Yuan,1
Lucas M Bachmann,1
Luciano Sbaiz,1
Luo Bingfeng,1
Luo Chong,1
Luo Huanjia,1
Luo Jiahuan,1
Léo Souquet,1
Lídia Bononi Paiva Tomaz,1
Ma Hailong,1
Ma Jiayi,1
Maire Michael,1
Majid Haghshenas,1
Mallik Neeratyoy,1
Man Zhang,1
Marcel Müller,1
Marchisio Alberto,1
Marco Buzzelli,1
Maria Baldeon Calisto,1
Maria Baldeon-Calisto,1
Marrakchi Yassine,1
Martin Ferianc,1
Martin K Schmid,1
Martin Wistuba,1
Martina Maurizio,1
Martinez Brais,1
Masoud Daneshtalab,1
Massa Andrea,1
Massih-Reza Amini,1
Massinissa Hamidi,1
Mateusz Mikolajczyk,1
Matheus Prado Prandini Faria,1
Mathieu Brévilliers,1
Matthew E. Baughman,1
Matthias Feurer,1
Mattina Matthew,1
Mayank Vatsa,1
Maziarz Krzysztof,1
Mehrotra Abhinav,1
Mei Jieru,1
Mengchen Liu,1
Mengzhang Li,1
Metzen Jan Hendrik,1
Metzen Jan-Hendrik,1
Miao Wang,1
Michael Lyu,1
Michal Grochowski,1
Mikael Sjödin,1
Min Xu,1
Min-Kook Choi,1
Minjing Dong,1
Miriam A. M. Capretz,1
Mitsuno Kakeru,1
Mo Tong,1
Mobeen Ahmad,1
Moez Baccouche,1
Mohamed Abdelfattah,1
Mohamed M. El-Sherbiny,1
Mohammad Abdullah Al Faruque,1
Mohammad D El Basha,1
Mohammad Loni,1
Mohammad Rastegari,1
Mohanad Odema,1
Mohit Bansal,1
Moore Sherry,1
Możejko Marcin,1
Mu Lisen,1
Mudit Verma,1
Muhammad Abdullah,1
Muhammad Abdullah Hanif,1
Mukherjee Saurajit,1
Murali Annavaram,1
Murphy Kevin,1
Müller Matthias,1
Nadiya Shvai,1
Nafiul Rashid,1
Nam Andrew,1
Nan Li,1
Nan Zhang,1
Nanda Dulal Jana,1
Nannan Li,1
Nanqing Dong,1
Nasr-Azadani Mohamad M.,1
Naying He,1
Nayman Niv,1
Neeraj Kumar,1
Negrinho Renato,1
Neil Houlsby,1
Nhat-Huy Phung,1
Niccolò Dal Santo,1
Nicholas D. Lane,1
Nicolas Winckler,1
Nikolas Pontikos,1
Ningning Ma,1
Niranjan Subrahmanya,1
Nishida Kouhei,1
Niu Di,1
Nomura Yuichiro,1
Noy Asaf,1
Nuno Lourenço,1
Oliver Sch&#252;tze,1
Ou Zhijian,1
Pan Wei,1
Pan Zhou,1
Paniti Achararit,1
Papadakis Mike,1
Park Beomhee,1
Partha Maji,1
Patil Darshan,1
Patrick Violette,1
Paxton Chris,1
Pearse A Keane,1
Peetak Mitra,1
Pegah Tabarisaadi,1
Peng Houwen,1
Peng Kangjian,1
Peng Liu,1
Peng Zhang,1
Penousal Machado,1
Peter Stone,1
Pierre-Alain Muller,1
Pina C. Sanelli,1
Pinos Michal,1
Pradyumna Sinha,1
Prashant Sridhar,1
Pu Zhao,1
Qian Bao,1
Qian Guocheng,1
Qian Jikuan,1
Qian Wang,1
Qiang Liu,1
Qin Yunxiao,1
Qing Jin,1
Qing Ye,1
Qingfang Liu,1
Qingjie Zhao,1
Qiurui Chen,1
Quanlin Ren,1
Rachmad Vidya Wicaksana Putra,1
Rahim Mammadli,1
Raimondo Schettini,1
Ramakanth Pasunuru,1
Reena Chopra,1
Renjie Pi,1
Renlong Jie,1
Rex Ying,1
Rhinehart Nicholas,1
Riccardo Perego,1
Richa Singh,1
Richard Shin,1
Richard Socher,1
Ridnik Tal,1
Riqing Chen,1
Risto Miikkulainen,1
Rita Maria Silva Julia,1
Ritchie J. M.,1
Robb Esther,1
Robby T. Tan,1
Roberto Santana,1
Rohit Babbar,1
Ronak Mehta,1
Ronghua Shang,1
Ru Binxin,1
Rui Cao,1
Rui Gong,1
Ruifeng Zhang,1
Ruihao Gong,1
Ruijiao Liu,1
Ruiming Tang,1
Ruixin Wang,1
Ruizhe Zhao,1
Ruogu Fang,1
Ruoteng Li,1
Ruxu Li,1
Ryotaro Tsukada,1
Saad M. Saad Darwish,1
Saeid Nahavandi,1
Saikia Tonmoy,1
Saito Shota,1
Salameh Mohammad,1
Salim Misha,1
Salman Avestimehr,1
Sandler Mark,1
Sanghyeop Lee,1
Sangki Kim,1
Sanguthevar Rajasekaran,1
Santiago Gomez-Rosero,1
Sara R. Davis,1
Sato Takashi,1
Savarese Pedro,1
Saxena Saurabh,1
Saxena Shreyas,1
Schroff Florian,1
Seba Susan,1
Sebastian Lang,1
Sebastian Litzinger,1
Sekanina Lukas,1
Selam Ahderom,1
Selle Andrew,1
Seong Joon Yoo,1
SeulGi Hong,1
Sha Edwin,1
Sha Edwin H. -M.,1
Shaik Nagur Shareef,1
Shaikh Azhar,1
Shangjie Frank Ma,1
Shao Jing,1
Shaoting Zhang,1
Shaowei Liu,1
Shasha Guo,1
Shashank Kotyan,1
Shen Li,1
Shen Mingzhu,1
Shengbing Zhang,1
Shengyun Wei,1
Shengzhao Wen,1
Shenyang Huang,1
Shi Jianping,1
Shi Shaohuai,1
Shi Wenlong,1
Shifeng Zhang,1
Shih-Hao Hung,1
Shijie Zhao,1
Shikun Liu,1
Ship Peng Xu,1
Shixiong Xia,1
Shizhou Zhang,1
Shlens Jonathon,1
Shounak Mitra,1
Shuai Zheng,1
Shuang Liang,1
Shuanglong Liu,1
Shulin Zeng,1
Shun Zou,1
Shunfeng Zhou,1
Shuyang Cheng,1
Si Chen,1
Siegfried K Wagner,1
Siems Julien,1
Sima Sinaei,1
Simone Bianco,1
Singh Kunal Pratap,1
Sinha Nishant,1
Song Qingquan,1
Songfan Yang,1
Stefan Falkner,1
Stefano Alletto,1
Steven C.H. Hoi,1
Steven W. Su,1
Stevens Rick,1
Stylianos I. Venieris,1
Stéphane Pateux,1
Su Xiu,1
Suematsu Yutaka Leon,1
Sulaiman Sadiq,1
Sun Fei,1
Sun Xiaoyan,1
Sun Yuzhu,1
Sung Ju Hwang,1
Sushil J. Louis,1
Syed Mir,1
Szafraniuk Michał,1
S´eamus Lankford,1
Sándor Szénási,1
Takashi MATSUBARA,1
Takashi Matsubara,1
Tan Jie,1
Tan Xu,1
Tang Haotian,1
Tang Jiangping,1
Tang Yehui,1
Tao Mei,1
Taoping Liu,1
Taotao Lai,1
Tatjana Petrov,1
Tejaswini Pedapati,1
Teli Ma,1
Thabet Ali,1
Thomas H. Li,1
Tian Yonghong,1
Tian Yuan,1
Tianqi Tang,1
Tianshu Zhang,1
Tianyi Lu,1
Tiejun Yang,1
Tobias Reggelin,1
Tomaso Cetto,1
Tong Xiao,1
Toshev Alexander,1
Traon Yves Le,1
Treszczotko Łukasz,1
Trevor Back,1
Trojanowski Krzysztof,1
Tung Teresa,1
Tunhou Zhang,1
Tuo Zhang,1
Tzimiropoulos Georgios,1
Uchida Kento,1
Unai Garciarena,1
Vajda Peter,1
Valentin Vielzeuf,1
Van Gool Luc,1
Veeranjaneyulu Naralasetti ,1
Venkatesulu Dondeti,1
Verbeek Jakob,1
Vikas Singh,1
Vikrant Singh Tomar,1
Vincent Francois-Lavet,1
Vinyals Oriol,1
Vishwanath Venkatram,1
Wang Bochao,1
Wang Haotao,1
Wang Linnan,1
Wang Qiang,1
Wang Qin,1
Wang Shaoju,1
Wang Shihao,1
Wang Tianchen,1
Wang Yanghan,1
Wang Zhao,1
Wei Dai,1
Wei Gao,1
Wei Lanning,1
Wei Niu,1
Wei Wang,1
Wei Xiaolin,1
Weidong Han,1
Weiliang Ye,1
Weimin Lang,1
Weisheng Dong,1
Wen Heng,1
Wen Wei,1
Wenchao Liu,1
Wencong Jiao,1
Wenhui Diao,1
Wenhui Wu,1
Wenkai Zhang,1
Wenrui Dai,1
Wenrui Li,1
Wenshuo Li,1
Wenwu Zhu,1
Wenyu Zhao,1
Weston Nick,1
Whatmough Paul N.,1
Wild Stefan,1
Wolfram Schiffmann,1
Wu Bichen,1
Wu Han,1
Wu Liu,1
Wu Yangxin,1
Wu Yiming,1
Xavi Gonzalvo,1
Xi Jiang,1
Xi Peng,1
Xia Fangfang,1
Xia Hua,1
Xia Xiao,1
Xian Sun,1
Xianbin Cao,1
Xiang Fei,1
Xiang Wu,1
Xiang-Yang Li,1
Xianglong Liu,1
Xianya Fu,1
Xiao Xinyu,1
Xiaofan Xu,1
Xiaohan Li,1
Xiaokang Yang,1
Xiaolong Jiang,1
Xiaoming Chen,1
Xiaopeng Hong,1
Xiaoshuai Sun,1
Xiaotong Lu,1
Xiaoxuan Liu,1
Xiaoya Fan,1
Xiaoyi Yu,1
Xiaoyu Qiu,1
Xie Lingxi,1
Xie Saining,1
Xie Sirui,1
Xin Dong,1
Xin Wei,1
Xin Yu,1
Xinbang Zhang,1
Xing Cai,1
Xing Wei,1
Xinghao Ding,1
Xingqiu Li,1
Xinyu Niu,1
Xiong Yi,1
Xiulian Tang,1
Xiuqiang He,1
Xiyang Dai,1
Xu Hui,1
Xu Kaiqiang,1
Xu Yixing,1
Xu Yongchao,1
Xu Yongjun,1
Xuan Chen,1
Xuan Shen,1
Xue Lin,1
Xuehai Zhou,1
Xuhui Liu,1
Xupeng Shi,1
Yabin Wang,1
Yafeng Zhou,1
Yan Chenggang,1
Yan Huang,1
Yan Liu,1
Yan Zheyu,1
Yanfei Zhong,1
Yang Antoine,1
Yang Chuanguang,1
Yang Fan,1
Yang Jiacheng,1
Yang Jianchao,1
Yang Jiyan,1
Yang Linjie,1
Yang Mingkun,1
Yang Mingmin,1
Yang Qiang,1
Yang Tong,1
Yang Yao,1
Yang Yibo,1
Yang Yiming,1
Yangjunyi Li,1
Yanjun Zhu,1
Yanming Zhu,1
Yanyu Li,1
Yanzhi Wang,1
Yao Xiao,1
Yaochu Jin,1
Yaoming Wang,1
Yaran Chen,1
Yashesh Dhebar,1
Ye Haishan,1
Ye Qixiang,1
Yi Shan,1
Yi Shuai,1
Yi Zhang,1
Yi-Chuan Liang,1
Yibo Hu,1
Yichao Wu,1
Yichen Wei,1
Yifei Sun,1
Yiliang Jiang,1
Yilin Wang,1
Ying Li,1
Ying-Chiao Liao,1
Yingce Xia,1
Yingchao Feng,1
Yinjie Lei,1
Yinpeng Chen,1
Yinpeng Dong,1
Yiru Guo,1
Yiwen Guo,1
Yiyi Zhou,1
Yizhuang Xie,1
Yohei Nakata,1
Yong Zhou,1
Yonggang Hu,1
Yonggang Li,1
Yongqi Zhang,1
Yongtao Wang,1
Yoon Boogeon,1
Yoshinari Nozomu,1
Yu Haibao,1
Yu Yakun,1
Yu Zitong,1
Yuan Chen,1
Yuan Haiyun,1
Yuanbiao Gou,1
Yue Zhong,1
Yufan Jiang,1
Yuhang Jiang,1
Yuhang Li,1
Yujie Li,1
Yuko Hara-Azumi,1
Yukun Yang,1
Yuling Geng,1
Yunan Li,1
Yunxin Liu,1
Yunyang Xiong,1
Yunye Zhang,1
Yuqing Yang,1
Yushi Chen,1
Yutao Hu,1
Yuting Wan,1
Yuxuan Cai,1
Zechun Liu,1
Zehua Chen,1
Zelnik-Manor Lihi,1
Zeng Dewen,1
Zeng Wenjun,1
Zerui Chen,1
Zha Zheng-Jun,1
Zhang Chao,1
Zhang Faen,1
Zhang Hui,1
Zhang Jiyong,1
Zhang Peizhao,1
Zhang Qiulin,1
Zhang Wenwei,1
Zhang Xuesen,1
Zhang Yan,1
Zhang Yuanji,1
Zhanghao Wu,1
Zhanxing Zhu,1
Zhao Erhu,1
Zhao Guoying,1
Zhao Huan,1
Zhao Sheng,1
Zhao Shengyu,1
Zhao Tianchen,1
Zhao Yiyang,1
Zhe Lin,1
Zheng Hehui,1
Zheng Huahuan,1
Zheng Jianhua,1
Zheng Xiawu,1
Zheng Yin,1
Zheng Zhan,1
Zheng Zhou,1
Zhengang Li,1
Zhenglun Kong,1
Zhi Tang,1
Zhi Tian,1
Zhijie Deng,1
Zhiqiang Que,1
Zhong Xue,1
Zhong Yiran,1
Zhonghan Chang,1
Zhou Dongzhan,1
Zhou Hanning,1
Zhou Hongpeng,1
Zhou Xinchi,1
Zhou Yizhou,1
Zhu Hui,1
Zhu Ligeng,1
Zhuang Jian,1
Zichao Guo,1
Zigeng Wang,1
Zijun Ma,1
Ziqin Zhou,1
Zitao Liu,1
Zixiang Ding,1
Ziyan Xie,1
Ziyue Xu,1
Zizheng Huang,1
Zoltán Vámossy,1
Zuhao Liu,1
de Oliveira Lucas Ferrari,1
Štěpán Procházka,1
Ning Wang,1
